{
	"credit": "Made with Blockbench",
	"texture_size": [64, 64],
	"textures": {
		"0": "farmersdelight:item/apple_cider"
	},
	"elements": [
		{
			"from": [5, 8, 5],
			"to": [11, 10, 11],
			"rotation": {"angle": 0, "axis": "y", "origin": [7, 11, 7]},
			"faces": {
				"north": {"uv": [1.5, 5.5, 3, 6], "texture": "#0"},
				"east": {"uv": [0, 5.5, 1.5, 6], "texture": "#0"},
				"south": {"uv": [4.5, 5.5, 6, 6], "texture": "#0"},
				"west": {"uv": [3, 5.5, 4.5, 6], "texture": "#0"},
				"up": {"uv": [3, 5.5, 1.5, 4], "texture": "#0"},
				"down": {"uv": [4.5, 4, 3, 5.5], "texture": "#0"}
			}
		},
		{
			"from": [4, 10, 4],
			"to": [12, 12, 12],
			"rotation": {"angle": 0, "axis": "y", "origin": [7, 10, 7]},
			"faces": {
				"north": {"uv": [2, 11.25, 4, 11.75], "texture": "#0"},
				"east": {"uv": [0, 11.25, 2, 11.75], "texture": "#0"},
				"south": {"uv": [6, 11.25, 8, 11.75], "texture": "#0"},
				"west": {"uv": [4, 11.25, 6, 11.75], "texture": "#0"},
				"up": {"uv": [4, 11.25, 2, 9.25], "texture": "#0"},
				"down": {"uv": [6, 9.25, 4, 11.25], "texture": "#0"}
			}
		},
		{
			"from": [4, 0, 4],
			"to": [12, 8, 12],
			"rotation": {"angle": 0, "axis": "y", "origin": [7, -1, 7]},
			"faces": {
				"north": {"uv": [2, 2, 4, 4], "texture": "#0"},
				"east": {"uv": [0, 2, 2, 4], "texture": "#0"},
				"south": {"uv": [6, 2, 8, 4], "texture": "#0"},
				"west": {"uv": [4, 2, 6, 4], "texture": "#0"},
				"up": {"uv": [4, 2, 2, 0], "texture": "#0"},
				"down": {"uv": [6, 0, 4, 2], "texture": "#0"}
			}
		},
		{
			"from": [0, 0, 8],
			"to": [4, 8, 8],
			"rotation": {"angle": 0, "axis": "y", "origin": [3, -1, 7]},
			"faces": {
				"north": {"uv": [6, 4, 7, 6], "texture": "#0"},
				"east": {"uv": [6, 4, 6, 6], "texture": "#0"},
				"south": {"uv": [7, 4, 8, 6], "texture": "#0"},
				"west": {"uv": [7, 4, 7, 6], "texture": "#0"},
				"up": {"uv": [7, 4, 6, 4], "texture": "#0"},
				"down": {"uv": [8, 4, 7, 4], "texture": "#0"}
			}
		},
		{
			"from": [4, 8, 8],
			"to": [12, 16, 8],
			"rotation": {"angle": 0, "axis": "y", "origin": [7, 13, 7]},
			"faces": {
				"north": {"uv": [6, 9.25, 8, 11.25], "texture": "#0"},
				"east": {"uv": [6, 9.25, 6, 11.25], "texture": "#0"},
				"south": {"uv": [8, 9.25, 10, 11.25], "texture": "#0"},
				"west": {"uv": [8, 9.25, 8, 11.25], "texture": "#0"},
				"up": {"uv": [8, 9.25, 6, 9.25], "texture": "#0"},
				"down": {"uv": [10, 9.25, 8, 9.25], "texture": "#0"}
			}
		},
		{
			"from": [5, 1, 5],
			"to": [11, 8, 11],
			"rotation": {"angle": 0, "axis": "y", "origin": [7, -1, 7]},
			"faces": {
				"north": {"uv": [1.5, 7.5, 3, 9.25], "texture": "#0"},
				"east": {"uv": [0, 7.5, 1.5, 9.25], "texture": "#0"},
				"south": {"uv": [4.5, 7.5, 6, 9.25], "texture": "#0"},
				"west": {"uv": [3, 7.5, 4.5, 9.25], "texture": "#0"},
				"up": {"uv": [3, 7.5, 1.5, 6], "texture": "#0"},
				"down": {"uv": [4.5, 6, 3, 7.5], "texture": "#0"}
			}
		}
	],
	"display": {
		"thirdperson_righthand": {
			"rotation": [0, 90, 0],
			"translation": [-0.25, 1, -4.5],
			"scale": [0.75, 0.75, 0.75]
		},
		"thirdperson_lefthand": {
			"rotation": [0, -90, 0],
			"translation": [-0.25, 1, -4.5],
			"scale": [0.75, 0.75, 0.75]
		},
		"firstperson_righthand": {
			"rotation": [0, 90, 0],
			"translation": [0.5, 3, 0],
			"scale": [0.5, 0.5, 0.5]
		},
		"firstperson_lefthand": {
			"rotation": [0, -90, 0],
			"translation": [0.5, 3, 0],
			"scale": [0.5, 0.5, 0.5]
		},
		"ground": {
			"translation": [0, 3.5, 0],
			"scale": [0.75, 0.75, 0.75]
		},
		"gui": {
			"rotation": [22.5, 135, 0],
			"translation": [0, 2, 0]
		},
		"fixed": {
			"translation": [0, 2, -1.75],
			"scale": [1.25, 1.25, 1.25]
		}
	}
}